column,missing_fraction
f14,0.3045324254128033
f15,0.3045324254128033
f12,0.3045324254128033
f17,0.3045324254128033
f13,0.3045324254128033
id,0.0
f2,0.0
f3,0.0
f5,0.0
f4,0.0
f10,0.0
f9,0.0
f8,0.0
f7,0.0
f6,0.0
f11,0.0
f16,0.0
order_placed,0.0
